{
    "train_loss": [
        1.3552696251157503,
        0.24678115858070887,
        0.12831485568921067,
        0.07616479300073724,
        0.06576047281720745,
        0.05499143980499079,
        0.038714711985258915,
        0.03571928086787907,
        0.027776773935600893,
        0.016271850587661143
    ],
    "val_accuracy": [
        86.36363636363636,
        90.0,
        92.72727272727273,
        90.9090909090909,
        93.63636363636364,
        89.0909090909091,
        91.81818181818181,
        93.63636363636364,
        94.54545454545455,
        93.63636363636364
    ],
    "test_accuracy": 94.5945945945946
}